Workbook

Sheet Rolling Window
B1: Y1 | C1: Y2 | D1: Y3 | E1: Y4 | F1: Y5 | G1: Y6 | H1: Y7 | I1: Y8 | J1: Y9 | K1: Y10
A2: 2025 | B2: 2024 | C2: 2023 | D2: 2022 | E2: 2021 | F2: 2020 | G2: 2019 | H2: 2018 | I2: 2017 | J2: 2016 | K2: 2015
A3: 2024 | B3: 2023 | C3: 2022 | D3: 2021 | E3: 2020 | F3: 2019 | G3: 2018 | H3: 2017 | I3: 2016 | J3: 2015 | K3: 2014
A4: 2023 | B4: 2022 | C4: 2021 | D4: 2020 | E4: 2019 | F4: 2018 | G4: 2017 | H4: 2016 | I4: 2015 | J4: 2014 | K4: 2013
A5: 2022 | B5: 2021 | C5: 2020 | D5: 2019 | E5: 2018 | F5: 2017 | G5: 2016 | H5: 2015 | I5: 2014 | J5: 2013 | K5: 2012
A6: 2021 | B6: 2020 | C6: 2019 | D6: 2018 | E6: 2017 | F6: 2016 | G6: 2015 | H6: 2014 | I6: 2013 | J6: 2012 | K6: 2011
A7: 2020 | B7: 2019 | C7: 2018 | D7: 2017 | E7: 2016 | F7: 2015 | G7: 2014 | H7: 2013 | I7: 2012 | J7: 2011 | K7: 2010
A8: 2019 | B8: 2018 | C8: 2017 | D8: 2016 | E8: 2015 | F8: 2014 | G8: 2013 | H8: 2012 | I8: 2011 | J8: 2010 | K8: 2009
A9: 2018 | B9: 2017 | C9: 2016 | D9: 2015 | E9: 2014 | F9: 2013 | G9: 2012 | H9: 2011 | I9: 2010 | J9: 2009 | K9: 2008
A10: 2017 | B10: 2016 | C10: 2015 | D10: 2014 | E10: 2013 | F10: 2012 | G10: 2011 | H10: 2010 | I10: 2009 | J10: 2008 | K10: 2007
A11: 2016 | B11: 2015 | C11: 2014 | D11: 2013 | E11: 2012 | F11: 2011 | G11: 2010 | H11: 2009 | I11: 2008 | J11: 2007 | K11: 2006
A12: 2015 | B12: 2014 | C12: 2013 | D12: 2012 | E12: 2011 | F12: 2010 | G12: 2009 | H12: 2008 | I12: 2007 | J12: 2006 | K12: 2005

Sheet NeededData
A1: Company Name | B1: Tickers | C1: First Appeared | D1: Last Appeared | E1: START | F1: END
A2: 3M Company | B2: MMM | C2: 2015 | D2: 2025 | E2: =VLOOKUP(C2,'Rolling Window'!$A$1:$K$12,11,FALSE) -> 2005 | F2: =VLOOKUP(D2,'Rolling Window'!$A$1:$K$12,2,FALSE) -> 2024
A3: Amazon.com, Inc. | B3: AMZN | C3: 2025 | D3: 2025 | E3: =VLOOKUP(C3,'Rolling Window'!$A$1:$K$12,11,FALSE) -> 2015 | F3: =VLOOKUP(D3,'Rolling Window'!$A$1:$K$12,2,FALSE) -> 2024
A4: American Express Company | B4: AXP | C4: 2015 | D4: 2025 | E4: =VLOOKUP(C4,'Rolling Window'!$A$1:$K$12,11,FALSE) -> 2005 | F4: =VLOOKUP(D4,'Rolling Window'!$A$1:$K$12,2,FALSE) -> 2024
A5: Amgen Inc. | B5: AMGN | C5: 2021 | D5: 2025 | E5: =VLOOKUP(C5,'Rolling Window'!$A$1:$K$12,11,FALSE) -> 2011 | F5: =VLOOKUP(D5,'Rolling Window'!$A$1:$K$12,2,FALSE) -> 2024
A6: Apple Inc. | B6: AAPL | C6: 2016 | D6: 2025 | E6: =VLOOKUP(C6,'Rolling Window'!$A$1:$K$12,11,FALSE) -> 2006 | F6: =VLOOKUP(D6,'Rolling Window'!$A$1:$K$12,2,FALSE) -> 2024
A7: AT&T Inc. | B7: T | C7: 2015 | D7: 2015 | E7: =VLOOKUP(C7,'Rolling Window'!$A$1:$K$12,11,FALSE) -> 2005 | F7: =VLOOKUP(D7,'Rolling Window'!$A$1:$K$12,2,FALSE) -> 2014
A8: Caterpillar Inc. | B8: CAT | C8: 2015 | D8: 2025 | E8: =VLOOKUP(C8,'Rolling Window'!$A$1:$K$12,11,FALSE) -> 2005 | F8: =VLOOKUP(D8,'Rolling Window'!$A$1:$K$12,2,FALSE) -> 2024
A9: Chevron Corporation | B9: CVX | C9: 2015 | D9: 2025 | E9: =VLOOKUP(C9,'Rolling Window'!$A$1:$K$12,11,FALSE) -> 2005 | F9: =VLOOKUP(D9,'Rolling Window'!$A$1:$K$12,2,FALSE) -> 2024
A10: Cisco Systems, Inc. | B10: CSCO | C10: 2015 | D10: 2025 | E10: =VLOOKUP(C10,'Rolling Window'!$A$1:$K$12,11,FALSE) -> 2005 | F10: =VLOOKUP(D10,'Rolling Window'!$A$1:$K$12,2,FALSE) -> 2024
A11: Dow Inc. | B11: DOW | C11: 2020 | D11: 2024 | E11: =VLOOKUP(C11,'Rolling Window'!$A$1:$K$12,11,FALSE) -> 2010 | F11: =VLOOKUP(D11,'Rolling Window'!$A$1:$K$12,2,FALSE) -> 2023
A12: E.I. du Pont de Nemours & Company | B12: DD | C12: 2015 | D12: 2019 | E12: =VLOOKUP(C12,'Rolling Window'!$A$1:$K$12,11,FALSE) -> 2005 | F12: =VLOOKUP(D12,'Rolling Window'!$A$1:$K$12,2,FALSE) -> 2018
A13: Exxon Mobil Corporation | B13: XOM | C13: 2015 | D13: 2020 | E13: =VLOOKUP(C13,'Rolling Window'!$A$1:$K$12,11,FALSE) -> 2005 | F13: =VLOOKUP(D13,'Rolling Window'!$A$1:$K$12,2,FALSE) -> 2019
... A40: Wal-Mart Stores, Inc. | B40: WMT | C40: 2015 | D40: 2025 | E40: =VLOOKUP(C40,'Rolling Window'!$A$1:$K$12,11,FALSE) -> 2005 | F40: =VLOOKUP(D40,'Rolling Window'!$A$1:$K$12,2,FALSE) -> 2024

Sheet 2015
A1: DOW_2015
A2: Name | B2: Ticker | C2: DoD
A3: 3M Company | B3: MMM | C3: FALSE
A4: American Express Company | B4: AXP | C4: FALSE
A5: AT&T Inc. | B5: T | C5: TRUE
A6: The Boeing Company | B6: BA | C6: FALSE
A7: Caterpillar Inc. | B7: CAT | C7: TRUE
A8: Chevron Corporation | B8: CVX | C8: TRUE
A9: Cisco Systems, Inc. | B9: CSCO | C9: FALSE
A10: The Coca-Cola Company | B10: KO | C10: TRUE
A11: E.I. du Pont de Nemours & Company | B11: DD | C11: FALSE
A12: Exxon Mobil Corporation | B12: XOM | C12: TRUE
A13: General Electric Company | B13: GE | C13: TRUE
A14: The Goldman Sachs Group, Inc. | B14: GS | C14: FALSE
... A32: The Walt Disney Company | B32: DIS | C32: FALSE

Sheet 2016
A1: DOW_2016
A2: Name | B2: Ticker | C2: DoD
A3: 3M Company | B3: MMM | C3: FALSE
A4: American Express Company | B4: AXP | C4: FALSE
A5: Apple Inc. | B5: AAPL | C5: FALSE
A6: The Boeing Company | B6: BA | C6: FALSE
A7: Caterpillar Inc. | B7: CAT | C7: TRUE
A8: Chevron Corporation | B8: CVX | C8: TRUE
A9: Cisco Systems, Inc. | B9: CSCO | C9: TRUE
A10: The Coca-Cola Company | B10: KO | C10: FALSE
A11: E.I. du Pont de Nemours & Company | B11: DD | C11: FALSE
A12: Exxon Mobil Corporation | B12: XOM | C12: TRUE
A13: General Electric Company | B13: GE | C13: FALSE
A14: The Goldman Sachs Group, Inc. | B14: GS | C14: FALSE
... A32: The Walt Disney Company | B32: DIS | C32: FALSE

Sheet 2017
A1: DOW_2017
A2: Name | B2: Ticker | C2: DoD
A3: 3M Company | B3: MMM | C3: FALSE
A4: American Express Company | B4: AXP | C4: FALSE
A5: Apple Inc. | B5: AAPL | C5: FALSE
A6: The Boeing Company | B6: BA | C6: TRUE
A7: Caterpillar Inc. | B7: CAT | C7: TRUE
A8: Chevron Corporation | B8: CVX | C8: TRUE
A9: Cisco Systems, Inc. | B9: CSCO | C9: TRUE
A10: The Coca-Cola Company | B10: KO | C10: TRUE
A11: E.I. du Pont de Nemours & Company | B11: DD | C11: FALSE
A12: Exxon Mobil Corporation | B12: XOM | C12: TRUE
A13: General Electric Company | B13: GE | C13: FALSE
A14: The Goldman Sachs Group, Inc. | B14: GS | C14: FALSE
... A32: The Walt Disney Company | B32: DIS | C32: FALSE

Sheet 2018
A1: DOW_2018
A2: Name | B2: Ticker | C2: DoD
A3: 3M Company | B3: MMM | C3: FALSE
A4: American Express Company | B4: AXP | C4: FALSE
A5: Apple Inc. | B5: AAPL | C5: FALSE
A6: The Boeing Company | B6: BA | C6: FALSE
A7: Caterpillar Inc. | B7: CAT | C7: FALSE
A8: Chevron Corporation | B8: CVX | C8: TRUE
A9: Cisco Systems, Inc. | B9: CSCO | C9: TRUE
A10: The Coca-Cola Company | B10: KO | C10: TRUE
A11: DowDuPont Inc. | B11: DD | C11: FALSE
A12: Exxon Mobil Corporation | B12: XOM | C12: TRUE
A13: General Electric Company | B13: GE | C13: TRUE
A14: The Goldman Sachs Group, Inc. | B14: GS | C14: FALSE
... A32: The Walt Disney Company | B32: DIS | C32: FALSE

Sheet 2019
A1: DOW_2019
A2: Name | B2: Ticker | C2: DoD
A3: 3M Company | B3: MMM | C3: FALSE
A4: American Express Company | B4: AXP | C4: FALSE
A5: Apple Inc. | B5: AAPL | C5: FALSE
A6: The Boeing Company | B6: BA | C6: FALSE
A7: Caterpillar Inc. | B7: CAT | C7: FALSE
A8: Chevron Corporation | B8: CVX | C8: TRUE
A9: Cisco Systems, Inc. | B9: CSCO | C9: TRUE
A10: The Coca-Cola Company | B10: KO | C10: TRUE
A11: DowDuPont Inc. | B11: DD | C11: FALSE
A12: Exxon Mobil Corporation | B12: XOM | C12: TRUE
A13: The Goldman Sachs Group, Inc. | B13: GS | C13: FALSE
A14: The Home Depot, Inc. | B14: HD | C14: FALSE
... A32: The Walt Disney Company | B32: DIS | C32: FALSE

Sheet 2020
A1: DOW_2020
A2: Name | B2: Ticker | C2: DoD
A3: 3M Company | B3: MMM | C3: TRUE
A4: American Express Company | B4: AXP | C4: FALSE
A5: Apple Inc. | B5: AAPL | C5: FALSE
A6: The Boeing Company | B6: BA | C6: FALSE
A7: Caterpillar Inc. | B7: CAT | C7: FALSE
A8: Chevron Corporation | B8: CVX | C8: TRUE
A9: Cisco Systems, Inc. | B9: CSCO | C9: TRUE
A10: The Coca-Cola Company | B10: KO | C10: TRUE
A11: Dow Inc. | B11: DOW | C11: TRUE
A12: Exxon Mobil Corporation | B12: XOM | C12: TRUE
A13: The Goldman Sachs Group, Inc. | B13: GS | C13: FALSE
A14: The Home Depot, Inc. | B14: HD | C14: FALSE
... A32: The Walt Disney Company | B32: DIS | C32: FALSE

Sheet 2021
A1: DOW_2021
A2: Name | B2: Ticker | C2: DoD
A3: 3M Company | B3: MMM | C3: TRUE
A4: American Express Company | B4: AXP | C4: FALSE
A5: Amgen Inc. | B5: AMGN | C5: TRUE
A6: Apple Inc. | B6: AAPL | C6: FALSE
A7: The Boeing Company | B7: BA | C7: FALSE
A8: Caterpillar Inc. | B8: CAT | C8: FALSE
A9: Chevron Corporation | B9: CVX | C9: TRUE
A10: Cisco Systems, Inc. | B10: CSCO | C10: TRUE
A11: The Coca-Cola Company | B11: KO | C11: TRUE
A12: Dow Inc. | B12: DOW | C12: TRUE
A13: The Goldman Sachs Group, Inc. | B13: GS | C13: FALSE
A14: The Home Depot, Inc. | B14: HD | C14: FALSE
... A32: The Walt Disney Company | B32: DIS | C32: FALSE

Sheet 2022
A1: DOW_2022
A2: Name | B2: Ticker | C2: DoD
A3: 3M Company | B3: MMM | C3: TRUE
A4: American Express Company | B4: AXP | C4: FALSE
A5: Amgen Inc. | B5: AMGN | C5: TRUE
A6: Apple Inc. | B6: AAPL | C6: FALSE
A7: The Boeing Company | B7: BA | C7: FALSE
A8: Caterpillar Inc. | B8: CAT | C8: FALSE
A9: Chevron Corporation | B9: CVX | C9: TRUE
A10: Cisco Systems, Inc. | B10: CSCO | C10: FALSE
A11: The Coca-Cola Company | B11: KO | C11: TRUE
A12: Dow Inc. | B12: DOW | C12: TRUE
A13: The Goldman Sachs Group, Inc. | B13: GS | C13: FALSE
A14: The Home Depot, Inc. | B14: HD | C14: FALSE
... A32: The Walt Disney Company | B32: DIS | C32: FALSE

Sheet 2023
A1: DOW_2023
A2: Name | B2: Ticker | C2: DoD
A3: 3M Company | B3: MMM | C3: TRUE
A4: American Express Company | B4: AXP | C4: FALSE
A5: Amgen Inc. | B5: AMGN | C5: TRUE
A6: Apple Inc. | B6: AAPL | C6: FALSE
A7: The Boeing Company | B7: BA | C7: FALSE
A8: Caterpillar Inc. | B8: CAT | C8: FALSE
A9: Chevron Corporation | B9: CVX | C9: TRUE
A10: Cisco Systems, Inc. | B10: CSCO | C10: TRUE
A11: The Coca-Cola Company | B11: KO | C11: FALSE
A12: Dow Inc. | B12: DOW | C12: TRUE
A13: The Goldman Sachs Group, Inc. | B13: GS | C13: FALSE
A14: The Home Depot, Inc. | B14: HD | C14: FALSE
... A32: The Walt Disney Company | B32: DIS | C32: FALSE

Sheet 2024
A1: DOW_2024
A2: Name | B2: Ticker | C2: DoD
A3: 3M Company | B3: MMM | C3: TRUE
A4: American Express Company | B4: AXP | C4: FALSE
A5: Amgen Inc. | B5: AMGN | C5: TRUE
A6: Apple Inc. | B6: AAPL | C6: FALSE
A7: The Boeing Company | B7: BA | C7: FALSE
A8: Caterpillar Inc. | B8: CAT | C8: FALSE
A9: Chevron Corporation | B9: CVX | C9: TRUE
A10: Cisco Systems, Inc. | B10: CSCO | C10: TRUE
A11: The Coca-Cola Company | B11: KO | C11: TRUE
A12: Dow Inc. | B12: DOW | C12: TRUE
A13: The Goldman Sachs Group, Inc. | B13: GS | C13: FALSE
A14: The Home Depot, Inc. | B14: HD | C14: FALSE
... A32: The Walt Disney Company | B32: DIS | C32: FALSE

Sheet 2025
A1: DOW_2025
A2: Name | B2: Ticker | C2: DoD
A3: 3M Company | B3: MMM | C3: FALSE
A4: Amazon.com, Inc. | B4: AMZN | C4: FALSE
A5: American Express Company | B5: AXP | C5: FALSE
A6: Amgen Inc. | B6: AMGN | C6: TRUE
A7: Apple Inc. | B7: AAPL | C7: FALSE
A8: The Boeing Company | B8: BA | C8: FALSE
A9: Caterpillar Inc. | B9: CAT | C9: FALSE
A10: Chevron Corporation | B10: CVX | C10: TRUE
A11: Cisco Systems, Inc. | B11: CSCO | C11: TRUE
A12: The Coca-Cola Company | B12: KO | C12: TRUE
A13: The Goldman Sachs Group, Inc. | B13: GS | C13: FALSE
A14: The Home Depot, Inc. | B14: HD | C14: FALSE
... A32: The Walt Disney Company | B32: DIS | C32: FALSE
